 2THETA, PSD
10.0000, 6385
  10.0469, 6208
  10.0938, 6341
  10.1407, 6215
  10.1876, 6221
  10.2346, 6251
  10.2815, 6369
  10.3284, 6279
  10.3753, 6377
  10.4222, 6218
  10.4691, 6058
  10.5160, 6241
  10.5629, 6264
  10.6098, 6053
  10.6568, 6151
  10.7037, 6063
  10.7506, 6190
  10.7975, 6013
  10.8444, 5978
  10.8913, 5928
  10.9382, 6231
  10.9851, 6037
  11.0320, 6115
  11.0789, 5904
  11.1259, 5798
  11.1728, 5815
  11.2197, 5822
  11.2666, 5787
  11.3135, 5728
  11.3604, 5658
  11.4073, 5709
  11.4542, 5588
  11.5011, 5573
  11.5481, 5614
  11.5950, 5644
  11.6419, 5616
  11.6888, 5419
  11.7357, 5521
  11.7826, 5500
  11.8295, 5349
  11.8764, 5294
  11.9233, 5360
  11.9703, 5183
  12.0172, 5148
  12.0641, 5037
  12.1110, 4962
  12.1579, 4766
  12.2048, 4847
  12.2517, 4813
  12.2986, 4681
  12.3455, 4629
  12.3925, 4549
  12.4394, 4534
  12.4863, 4413
  12.5332, 4333
  12.5801, 4267
  12.6270, 4119
  12.6739, 4079
  12.7208, 4078
  12.7677, 4011
  12.8146, 4127
  12.8616, 3886
  12.9085, 3883
  12.9554, 3820
  13.0023, 3728
  13.0492, 3695
  13.0961, 3550
  13.1430, 3429
  13.1899, 3426
  13.2368, 3351
  13.2838, 3240
  13.3307, 3263
  13.3776, 3137
  13.4245, 3019
  13.4714, 2932
  13.5183, 2934
  13.5652, 2872
  13.6121, 2708
  13.6590, 2799
  13.7060, 2729
  13.7529, 2650
  13.7998, 2523
  13.8467, 2557
  13.8936, 2575
  13.9405, 2453
  13.9874, 2444
  14.0343, 2368
  14.0812, 2257
  14.1282, 2207
  14.1751, 2260
  14.2220, 2149
  14.2689, 2121
  14.3158, 2080
  14.3627, 2040
  14.4096, 2005
  14.4565, 1959
  14.5034, 1954
  14.5503, 1908
  14.5973, 1912
  14.6442, 1821
  14.6911, 1776
  14.7380, 1755
  14.7849, 1806
  14.8318, 1681
  14.8787, 1731
  14.9256, 1659
  14.9725, 1716
  15.0195, 1573
  15.0664, 1539
  15.1133, 1525
  15.1602, 1492
  15.2071, 1513
  15.2540, 1503
  15.3009, 1434
  15.3478, 1417
  15.3947, 1381
  15.4417, 1294
  15.4886, 1352
  15.5355, 1303
  15.5824, 1332
  15.6293, 1268
  15.6762, 1285
  15.7231, 1258
  15.7700, 1308
  15.8169, 1243
  15.8638, 1225
  15.9108, 1212
  15.9577, 1127
  16.0046, 1152
  16.0515, 1114
  16.0984, 1133
  16.1453, 1112
  16.1922, 1064
  16.2391, 1062
  16.2860, 1092
  16.3330, 1048
  16.3799,  968
  16.4268, 1008
  16.4737,  976
  16.5206,  960
  16.5675,  964
  16.6144,  973
  16.6613,  978
  16.7082,  952
  16.7552,  919
  16.8021,  908
  16.8490,  945
  16.8959,  924
  16.9428,  877
  16.9897,  891
  17.0366,  852
  17.0835,  860
  17.1304,  820
  17.1774,  848
  17.2243,  779
  17.2712,  810
  17.3181,  856
  17.3650,  819
  17.4119,  754
  17.4588,  781
  17.5057,  779
  17.5526,  807
  17.5995,  749
  17.6465,  772
  17.6934,  745
  17.7403,  758
  17.7872,  674
  17.8341,  791
  17.8810,  715
  17.9279,  740
  17.9748,  684
  18.0217,  694
  18.0687,  705
  18.1156,  696
  18.1625,  733
  18.2094,  666
  18.2563,  661
  18.3032,  707
  18.3501,  657
  18.3970,  641
  18.4439,  607
  18.4909,  621
  18.5378,  657
  18.5847,  615
  18.6316,  668
  18.6785,  573
  18.7254,  564
  18.7723,  619
  18.8192,  614
  18.8661,  598
  18.9131,  663
  18.9600,  554
  19.0069,  602
  19.0538,  572
  19.1007,  587
  19.1476,  577
  19.1945,  586
  19.2414,  562
  19.2883,  552
  19.3352,  550
  19.3822,  604
  19.4291,  566
  19.4760,  574
  19.5229,  526
  19.5698,  542
  19.6167,  543
  19.6636,  581
  19.7105,  577
  19.7574,  545
  19.8044,  560
  19.8513,  550
  19.8982,  523
  19.9451,  563
  19.9920,  576
  20.0389,  546
  20.0858,  555
  20.1327,  528
  20.1796,  512
  20.2266,  519
  20.2735,  497
  20.3204,  477
  20.3673,  511
  20.4142,  525
  20.4611,  528
  20.5080,  487
  20.5549,  475
  20.6018,  482
  20.6488,  495
  20.6957,  490
  20.7426,  482
  20.7895,  483
  20.8364,  461
  20.8833,  531
  20.9302,  472
  20.9771,  436
  21.0240,  482
  21.0709,  468
  21.1179,  474
  21.1648,  483
  21.2117,  452
  21.2586,  486
  21.3055,  497
  21.3524,  452
  21.3993,  469
  21.4462,  510
  21.4931,  512
  21.5401,  460
  21.5870,  459
  21.6339,  508
  21.6808,  495
  21.7277,  444
  21.7746,  497
  21.8215,  510
  21.8684,  517
  21.9153,  516
  21.9623,  558
  22.0092,  558
  22.0561,  612
  22.1030,  697
  22.1499,  785
  22.1968,  949
  22.2437, 1166
  22.2906, 1450
  22.3375, 1671
  22.3845, 1645
  22.4314, 1448
  22.4783, 1161
  22.5252,  954
  22.5721,  711
  22.6190,  640
  22.6659,  599
  22.7128,  535
  22.7597,  480
  22.8066,  435
  22.8536,  510
  22.9005,  440
  22.9474,  450
  22.9943,  459
  23.0412,  421
  23.0881,  462
  23.1350,  429
  23.1819,  408
  23.2288,  439
  23.2758,  406
  23.3227,  445
  23.3696,  444
  23.4165,  413
  23.4634,  433
  23.5103,  401
  23.5572,  436
  23.6041,  410
  23.6510,  423
  23.6980,  393
  23.7449,  395
  23.7918,  374
  23.8387,  397
  23.8856,  382
  23.9325,  425
  23.9794,  416
  24.0263,  420
  24.0732,  413
  24.1202,  409
  24.1671,  408
  24.2140,  415
  24.2609,  415
  24.3078,  389
  24.3547,  431
  24.4016,  399
  24.4485,  374
  24.4954,  405
  24.5423,  435
  24.5893,  396
  24.6362,  440
  24.6831,  448
  24.7300,  427
  24.7769,  433
  24.8238,  386
  24.8707,  402
  24.9176,  461
  24.9645,  422
  25.0115,  379
  25.0584,  410
  25.1053,  409
  25.1522,  421
  25.1991,  416
  25.2460,  430
  25.2929,  387
  25.3398,  424
  25.3867,  414
  25.4337,  464
  25.4806,  407
  25.5275,  378
  25.5744,  383
  25.6213,  416
  25.6682,  448
  25.7151,  428
  25.7620,  406
  25.8089,  439
  25.8559,  409
  25.9028,  407
  25.9497,  441
  25.9966,  453
  26.0435,  400
  26.0904,  402
  26.1373,  405
  26.1842,  415
  26.2311,  432
  26.2780,  437
  26.3250,  388
  26.3719,  388
  26.4188,  428
  26.4657,  416
  26.5126,  394
  26.5595,  449
  26.6064,  383
  26.6533,  421
  26.7002,  420
  26.7472,  400
  26.7941,  423
  26.8410,  414
  26.8879,  399
  26.9348,  446
  26.9817,  404
  27.0286,  430
  27.0755,  437
  27.1224,  452
  27.1694,  422
  27.2163,  469
  27.2632,  450
  27.3101,  448
  27.3570,  428
  27.4039,  462
  27.4508,  431
  27.4977,  428
  27.5446,  461
  27.5916,  457
  27.6385,  442
  27.6854,  457
  27.7323,  440
  27.7792,  443
  27.8261,  410
  27.8730,  422
  27.9199,  459
  27.9668,  466
  28.0137,  481
  28.0607,  446
  28.1076,  468
  28.1545,  470
  28.2014,  425
  28.2483,  381
  28.2952,  445
  28.3421,  427
  28.3890,  455
  28.4359,  454
  28.4829,  434
  28.5298,  463
  28.5767,  450
  28.6236,  445
  28.6705,  412
  28.7174,  477
  28.7643,  440
  28.8112,  447
  28.8581,  430
  28.9051,  483
  28.9520,  471
  28.9989,  481
  29.0458,  441
  29.0927,  492
  29.1396,  443
  29.1865,  453
  29.2334,  435
  29.2803,  498
  29.3272,  466
  29.3742,  463
  29.4211,  495
  29.4680,  461
  29.5149,  459
  29.5618,  477
  29.6087,  472
  29.6556,  479
  29.7025,  477
  29.7494,  482
  29.7964,  527
  29.8433,  484
  29.8902,  461
  29.9371,  519
  29.9840,  469
  30.0309,  502
  30.0778,  498
  30.1247,  535
  30.1716,  531
  30.2186,  528
  30.2655,  560
  30.3124,  576
  30.3593,  512
  30.4062,  574
  30.4531,  580
  30.5000,  570
  30.5469,  621
  30.5938,  602
  30.6408,  625
  30.6877,  607
  30.7346,  648
  30.7815,  695
  30.8284,  721
  30.8753,  766
  30.9222,  744
  30.9691,  845
  31.0160,  898
  31.0629,  938
  31.1099, 1051
  31.1568, 1100
  31.2037, 1149
  31.2506, 1211
  31.2975, 1427
  31.3444, 1561
  31.3913, 1797
  31.4382, 2091
  31.4851, 2349
  31.5321, 2802
  31.5790, 3357
  31.6259, 4299
  31.6728, 5400
  31.7197, 7075
  31.7666, 9254
  31.8135, 12940
  31.8604, 17860
  31.9073, 24551
  31.9543, 31574
  32.0012, 36375
  32.0481, 35075
  32.0950, 29148
  32.1419, 21608
  32.1888, 14779
  32.2357, 10056
  32.2826, 7107
  32.3295, 5055
  32.3765, 4007
  32.4234, 3135
  32.4703, 2486
  32.5172, 2103
  32.5641, 1781
  32.6110, 1556
  32.6579, 1368
  32.7048, 1235
  32.7517, 1123
  32.7986, 1060
  32.8456,  921
  32.8925,  867
  32.9394,  844
  32.9863,  702
  33.0332,  736
  33.0801,  676
  33.1270,  634
  33.1739,  564
  33.2208,  591
  33.2678,  600
  33.3147,  562
  33.3616,  483
  33.4085,  473
  33.4554,  450
  33.5023,  474
  33.5492,  482
  33.5961,  450
  33.6430,  428
  33.6900,  449
  33.7369,  382
  33.7838,  433
  33.8307,  391
  33.8776,  408
  33.9245,  433
  33.9714,  350
  34.0183,  357
  34.0652,  346
  34.1122,  389
  34.1591,  346
  34.2060,  360
  34.2529,  318
  34.2998,  343
  34.3467,  327
  34.3936,  337
  34.4405,  308
  34.4874,  320
  34.5343,  301
  34.5813,  342
  34.6282,  331
  34.6751,  285
  34.7220,  302
  34.7689,  345
  34.8158,  301
  34.8627,  319
  34.9096,  283
  34.9565,  303
  35.0035,  315
  35.0504,  320
  35.0973,  333
  35.1442,  299
  35.1911,  271
  35.2380,  317
  35.2849,  293
  35.3318,  295
  35.3787,  281
  35.4257,  288
  35.4726,  283
  35.5195,  288
  35.5664,  296
  35.6133,  273
  35.6602,  287
  35.7071,  264
  35.7540,  259
  35.8009,  276
  35.8479,  278
  35.8948,  274
  35.9417,  275
  35.9886,  281
  36.0355,  245
  36.0824,  264
  36.1293,  263
  36.1762,  240
  36.2231,  269
  36.2700,  249
  36.3170,  253
  36.3639,  255
  36.4108,  252
  36.4577,  258
  36.5046,  256
  36.5515,  250
  36.5984,  203
  36.6453,  251
  36.6922,  250
  36.7392,  271
  36.7861,  225
  36.8330,  269
  36.8799,  278
  36.9268,  283
  36.9737,  288
  37.0206,  277
  37.0675,  246
  37.1144,  226
  37.1614,  244
  37.2083,  244
  37.2552,  271
  37.3021,  246
  37.3490,  237
  37.3959,  261
  37.4428,  260
  37.4897,  234
  37.5366,  225
  37.5836,  252
  37.6305,  235
  37.6774,  248
  37.7243,  247
  37.7712,  220
  37.8181,  237
  37.8650,  285
  37.9119,  272
  37.9588,  270
  38.0057,  274
  38.0527,  261
  38.0996,  290
  38.1465,  261
  38.1934,  237
  38.2403,  269
  38.2872,  322
  38.3341,  284
  38.3810,  266
  38.4279,  312
  38.4749,  305
  38.5218,  317
  38.5687,  374
  38.6156,  337
  38.6625,  369
  38.7094,  374
  38.7563,  385
  38.8032,  422
  38.8501,  431
  38.8971,  483
  38.9440,  531
  38.9909,  534
  39.0378,  641
  39.0847,  737
  39.1316,  891
  39.1785, 1084
  39.2254, 1282
  39.2723, 1571
  39.3192, 2056
  39.3662, 2736
  39.4131, 3760
  39.4600, 4924
  39.5069, 6351
  39.5538, 7306
  39.6007, 7403
  39.6476, 6611
  39.6945, 5269
  39.7414, 4001
  39.7884, 2795
  39.8353, 2054
  39.8822, 1496
  39.9291, 1155
  39.9760, 1005
  40.0229,  841
  40.0698,  668
  40.1167,  584
  40.1636,  523
  40.2106,  463
  40.2575,  439
  40.3044,  427
  40.3513,  434
  40.3982,  381
  40.4451,  369
  40.4920,  348
  40.5389,  324
  40.5858,  353
  40.6328,  326
  40.6797,  336
  40.7266,  310
  40.7735,  295
  40.8204,  266
  40.8673,  318
  40.9142,  272
  40.9611,  271
  41.0080,  250
  41.0549,  278
  41.1019,  275
  41.1488,  258
  41.1957,  255
  41.2426,  280
  41.2895,  299
  41.3364,  228
  41.3833,  278
  41.4302,  246
  41.4771,  255
  41.5241,  235
  41.5710,  234
  41.6179,  245
  41.6648,  240
  41.7117,  244
  41.7586,  243
  41.8055,  261
  41.8524,  231
  41.8993,  236
  41.9463,  274
  41.9932,  241
  42.0401,  248
  42.0870,  248
  42.1339,  274
  42.1808,  219
  42.2277,  234
  42.2746,  235
  42.3215,  230
  42.3685,  230
  42.4154,  224
  42.4623,  196
  42.5092,  231
  42.5561,  231
  42.6030,  268
  42.6499,  272
  42.6968,  224
  42.7437,  250
  42.7906,  242
  42.8376,  262
  42.8845,  236
  42.9314,  264
  42.9783,  203
  43.0252,  245
  43.0721,  233
  43.1190,  249
  43.1659,  241
  43.2128,  254
  43.2598,  244
  43.3067,  225
  43.3536,  242
  43.4005,  254
  43.4474,  223
  43.4943,  235
  43.5412,  247
  43.5881,  245
  43.6350,  235
  43.6820,  275
  43.7289,  263
  43.7758,  260
  43.8227,  272
  43.8696,  256
  43.9165,  262
  43.9634,  239
  44.0103,  239
  44.0572,  243
  44.1042,  273
  44.1511,  287
  44.1980,  289
  44.2449,  292
  44.2918,  290
  44.3387,  278
  44.3856,  265
  44.4325,  274
  44.4794,  330
  44.5263,  317
  44.5733,  350
  44.6202,  328
  44.6671,  319
  44.7140,  331
  44.7609,  317
  44.8078,  368
  44.8547,  363
  44.9016,  362
  44.9485,  422
  44.9955,  425
  45.0424,  445
  45.0893,  422
  45.1362,  464
  45.1831,  523
  45.2300,  551
  45.2769,  573
  45.3238,  640
  45.3707,  682
  45.4177,  745
  45.4646,  828
  45.5115,  936
  45.5584, 1126
  45.6053, 1286
  45.6522, 1599
  45.6991, 1909
  45.7460, 2458
  45.7929, 3048
  45.8399, 4084
  45.8868, 5163
  45.9337, 7141
  45.9806, 9315
  46.0275, 11391
  46.0744, 13080
  46.1213, 13474
  46.1682, 11989
  46.2151, 10115
  46.2620, 7867
  46.3090, 5815
  46.3559, 4192
  46.4028, 3138
  46.4497, 2342
  46.4966, 1859
  46.5435, 1437
  46.5904, 1197
  46.6373, 1054
  46.6842,  899
  46.7312,  784
  46.7781,  668
  46.8250,  625
  46.8719,  546
  46.9188,  555
  46.9657,  521
  47.0126,  462
  47.0595,  432
  47.1064,  418
  47.1534,  355
  47.2003,  385
  47.2472,  370
  47.2941,  315
  47.3410,  334
  47.3879,  379
  47.4348,  332
  47.4817,  295
  47.5286,  293
  47.5756,  279
  47.6225,  307
  47.6694,  281
  47.7163,  260
  47.7632,  280
  47.8101,  243
  47.8570,  255
  47.9039,  257
  47.9508,  265
  47.9977,  252
  48.0447,  243
  48.0916,  256
  48.1385,  256
  48.1854,  266
  48.2323,  258
  48.2792,  250
  48.3261,  236
  48.3730,  250
  48.4199,  222
  48.4669,  258
  48.5138,  225
  48.5607,  245
  48.6076,  230
  48.6545,  204
  48.7014,  225
  48.7483,  237
  48.7952,  226
  48.8421,  213
  48.8891,  260
  48.9360,  233
  48.9829,  238
  49.0298,  205
  49.0767,  218
  49.1236,  208
  49.1705,  194
  49.2174,  231
  49.2643,  256
  49.3113,  225
  49.3582,  217
  49.4051,  204
  49.4520,  232
  49.4989,  218
  49.5458,  227
  49.5927,  210
  49.6396,  197
  49.6865,  224
  49.7334,  239
  49.7804,  216
  49.8273,  189
  49.8742,  188
  49.9211,  211
  49.9680,  212
  50.0149,  205
  50.0618,  208
  50.1087,  219
  50.1556,  209
  50.2026,  206
  50.2495,  238
  50.2964,  223
  50.3433,  203
  50.3902,  220
  50.4371,  218
  50.4840,  223
  50.5309,  225
  50.5778,  204
  50.6248,  203
  50.6717,  207
  50.7186,  182
  50.7655,  206
  50.8124,  263
  50.8593,  210
  50.9062,  203
  50.9531,  219
  51.0000,  210
  51.0470,  216
  51.0939,  232
  51.1408,  229
  51.1877,  222
  51.2346,  249
  51.2815,  256
  51.3284,  243
  51.3753,  236
  51.4222,  254
  51.4691,  238
  51.5161,  246
  51.5630,  291
  51.6099,  351
  51.6568,  374
  51.7037,  427
  51.7506,  435
  51.7975,  548
  51.8444,  621
  51.8913,  760
  51.9383,  789
  51.9852,  888
  52.0321,  796
  52.0790,  730
  52.1259,  634
  52.1728,  515
  52.2197,  432
  52.2666,  344
  52.3135,  335
  52.3605,  297
  52.4074,  262
  52.4543,  286
  52.5012,  234
  52.5481,  208
  52.5950,  241
  52.6419,  215
  52.6888,  221
  52.7357,  212
  52.7826,  231
  52.8296,  225
  52.8765,  250
  52.9234,  215
  52.9703,  223
  53.0172,  217
  53.0641,  230
  53.1110,  196
  53.1579,  204
  53.2048,  223
  53.2518,  204
  53.2987,  203
  53.3456,  214
  53.3925,  208
  53.4394,  209
  53.4863,  196
  53.5332,  187
  53.5801,  220
  53.6270,  188
  53.6740,  185
  53.7209,  211
  53.7678,  208
  53.8147,  194
  53.8616,  197
  53.9085,  177
  53.9554,  241
  54.0023,  204
  54.0492,  233
  54.0962,  211
  54.1431,  194
  54.1900,  213
  54.2369,  210
  54.2838,  190
  54.3307,  224
  54.3776,  195
  54.4245,  244
  54.4714,  228
  54.5183,  192
  54.5653,  210
  54.6122,  219
  54.6591,  208
  54.7060,  223
  54.7529,  210
  54.7998,  236
  54.8467,  210
  54.8936,  216
  54.9405,  221
  54.9875,  221
  55.0344,  199
  55.0813,  254
  55.1282,  215
  55.1751,  247
  55.2220,  256
  55.2689,  234
  55.3158,  244
  55.3627,  252
  55.4097,  259
  55.4566,  243
  55.5035,  257
  55.5504,  285
  55.5973,  243
  55.6442,  291
  55.6911,  305
  55.7380,  290
  55.7849,  281
  55.8319,  284
  55.8788,  313
  55.9257,  263
  55.9726,  322
  56.0195,  298
  56.0664,  280
  56.1133,  324
  56.1602,  323
  56.2071,  348
  56.2540,  380
  56.3010,  398
  56.3479,  368
  56.3948,  419
  56.4417,  437
  56.4886,  449
  56.5355,  516
  56.5824,  526
  56.6293,  576
  56.6762,  612
  56.7232,  636
  56.7701,  707
  56.8170,  812
  56.8639, 1048
  56.9108, 1124
  56.9577, 1322
  57.0046, 1628
  57.0515, 1985
  57.0984, 2419
  57.1454, 3183
  57.1923, 3978
  57.2392, 5212
  57.2861, 6668
  57.3330, 8137
  57.3799, 9137
  57.4268, 9350
  57.4737, 9097
  57.5206, 8231
  57.5676, 7019
  57.6145, 5779
  57.6614, 4385
  57.7083, 3465
  57.7552, 2652
  57.8021, 2079
  57.8490, 1619
  57.8959, 1312
  57.9428, 1131
  57.9897,  914
  58.0367,  838
  58.0836,  733
  58.1305,  730
  58.1774,  645
  58.2243,  557
  58.2712,  556
  58.3181,  478
  58.3650,  451
  58.4119,  404
  58.4589,  426
  58.5058,  385
  58.5527,  391
  58.5996,  344
  58.6465,  335
  58.6934,  341
  58.7403,  297
  58.7872,  326
  58.8341,  304
  58.8811,  311
  58.9280,  299
  58.9749,  264
  59.0218,  286
  59.0687,  277
  59.1156,  281
  59.1625,  284
  59.2094,  263
  59.2563,  236
  59.3033,  256
  59.3502,  238
  59.3971,  217
  59.4440,  226
  59.4909,  231
  59.5378,  237
  59.5847,  226
  59.6316,  223
  59.6785,  201
  59.7254,  215
  59.7724,  221
  59.8193,  232
  59.8662,  215
  59.9131,  201
  59.9600,  232
  60.0069,  206
  60.0538,  225
  60.1007,  236
  60.1476,  186
  60.1946,  218
  60.2415,  213
  60.2884,  186
  60.3353,  187
  60.3822,  202
  60.4291,  193
  60.4760,  204
  60.5229,  210
  60.5698,  227
  60.6168,  189
  60.6637,  201
  60.7106,  207
  60.7575,  199
  60.8044,  200
  60.8513,  187
  60.8982,  191
  60.9451,  187
  60.9920,  192
  61.0390,  202
  61.0859,  185
  61.1328,  189
  61.1797,  180
  61.2266,  189
  61.2735,  194
  61.3204,  196
  61.3673,  178
  61.4142,  177
  61.4611,  180
  61.5081,  193
  61.5550,  204
  61.6019,  165
  61.6488,  210
  61.6957,  188
  61.7426,  182
  61.7895,  176
  61.8364,  170
  61.8833,  177
  61.9303,  191
  61.9772,  181
  62.0241,  186
  62.0710,  202
  62.1179,  185
  62.1648,  184
  62.2117,  177
  62.2586,  186
  62.3055,  172
  62.3525,  199
  62.3994,  186
  62.4463,  188
  62.4932,  142
  62.5401,  164
  62.5870,  180
  62.6339,  181
  62.6808,  195
  62.7277,  179
  62.7747,  170
  62.8216,  184
  62.8685,  160
  62.9154,  177
  62.9623,  192
  63.0092,  189
  63.0561,  184
  63.1030,  177
  63.1499,  175
  63.1968,  168
  63.2438,  191
  63.2907,  182
  63.3376,  159
  63.3845,  161
  63.4314,  170
  63.4783,  182
  63.5252,  174
  63.5721,  171
  63.6190,  172
  63.6660,  174
  63.7129,  189
  63.7598,  167
  63.8067,  192
  63.8536,  187
  63.9005,  188
  63.9474,  171
  63.9943,  175
  64.0412,  175
  64.0882,  159
  64.1351,  177
  64.1820,  167
  64.2289,  174
  64.2758,  179
  64.3227,  146
  64.3696,  169
  64.4165,  174
  64.4634,  181
  64.5103,  141
  64.5573,  176
  64.6042,  165
  64.6511,  172
  64.6980,  195
  64.7449,  165
  64.7918,  193
  64.8387,  172
  64.8856,  188
  64.9325,  177
  64.9795,  177
  65.0264,  208
  65.0733,  183
  65.1202,  182
  65.1671,  165
  65.2140,  188
  65.2609,  198
  65.3078,  188
  65.3547,  203
  65.4017,  178
  65.4486,  181
  65.4955,  177
  65.5424,  226
  65.5893,  207
  65.6362,  204
  65.6831,  216
  65.7300,  212
  65.7769,  214
  65.8239,  218
  65.8708,  217
  65.9177,  213
  65.9646,  211
  66.0115,  224
  66.0584,  264
  66.1053,  245
  66.1522,  277
  66.1991,  284
  66.2460,  282
  66.2930,  310
  66.3399,  293
  66.3868,  272
  66.4337,  325
  66.4806,  308
  66.5275,  325
  66.5744,  343
  66.6213,  390
  66.6682,  400
  66.7152,  408
  66.7621,  476
  66.8090,  527
  66.8559,  605
  66.9028,  723
  66.9497,  776
  66.9966,  923
  67.0435, 1111
  67.0904, 1376
  67.1374, 1669
  67.1843, 2014
  67.2312, 2511
  67.2781, 3007
  67.3250, 3909
  67.3719, 4597
  67.4188, 5152
  67.4657, 5230
  67.5126, 5094
  67.5596, 4611
  67.6065, 4254
  67.6534, 3728
  67.7003, 3030
  67.7472, 2595
  67.7941, 2003
  67.8410, 1523
  67.8879, 1208
  67.9348, 1040
  67.9817,  853
  68.0287,  740
  68.0756,  642
  68.1225,  531
  68.1694,  513
  68.2163,  405
  68.2632,  411
  68.3101,  347
  68.3570,  361
  68.4039,  267
  68.4509,  303
  68.4978,  284
  68.5447,  272
  68.5916,  279
  68.6385,  264
  68.6854,  277
  68.7323,  270
  68.7792,  229
  68.8261,  238
  68.8731,  225
  68.9200,  227
  68.9669,  209
  69.0138,  209
  69.0607,  202
  69.1076,  192
  69.1545,  201
  69.2014,  195
  69.2483,  179
  69.2953,  204
  69.3422,  187
  69.3891,  187
  69.4360,  187
  69.4829,  214
  69.5298,  185
  69.5767,  188
  69.6236,  172
  69.6705,  164
  69.7174,  165
  69.7644,  163
  69.8113,  153
  69.8582,  156
  69.9051,  208
  69.9520,  181
  69.9989,  173
  70.0458,  174
  70.0927,  153
  70.1396,  170
  70.1866,  137
  70.2335,  140
  70.2804,  141
  70.3273,  153
  70.3742,  169
  70.4211,  147
  70.4680,  155
  70.5149,  192
  70.5618,  158
  70.6088,  165
  70.6557,  137
  70.7026,  175
  70.7495,  168
  70.7964,  153
  70.8433,  161
  70.8902,  151
  70.9371,  140
  70.9840,  142
  71.0310,  175
  71.0779,  175
  71.1248,  157
  71.1717,  165
  71.2186,  173
  71.2655,  166
  71.3124,  185
  71.3593,  172
  71.4062,  180
  71.4531,  167
  71.5001,  149
  71.5470,  178
  71.5939,  171
  71.6408,  182
  71.6877,  171
  71.7346,  187
  71.7815,  210
  71.8284,  212
  71.8753,  254
  71.9223,  245
  71.9692,  280
  72.0161,  292
  72.0630,  353
  72.1099,  399
  72.1568,  401
  72.2037,  417
  72.2506,  406
  72.2975,  381
  72.3445,  388
  72.3914,  316
  72.4383,  334
  72.4852,  297
  72.5321,  255
  72.5790,  232
  72.6259,  235
  72.6728,  221
  72.7197,  199
  72.7667,  207
  72.8136,  190
  72.8605,  171
  72.9074,  149
  72.9543,  162
  73.0012,  169
  73.0481,  158
  73.0950,  145
  73.1419,  160
  73.1888,  175
  73.2358,  151
  73.2827,  157
  73.3296,  137
  73.3765,  177
  73.4234,  142
  73.4703,  147
  73.5172,  140
  73.5641,  133
  73.6110,  149
  73.6580,  179
  73.7049,  140
  73.7518,  175
  73.7987,  156
  73.8456,  155
  73.8925,  170
  73.9394,  151
  73.9863,  134
  74.0332,  173
  74.0802,  159
  74.1271,  174
  74.1740,  147
  74.2209,  160
  74.2678,  163
  74.3147,  159
  74.3616,  154
  74.4085,  150
  74.4554,  188
  74.5024,  173
  74.5493,  175
  74.5962,  163
  74.6431,  152
  74.6900,  179
  74.7369,  197
  74.7838,  161
  74.8307,  173
  74.8776,  180
  74.9245,  183
  74.9715,  181
  75.0184,  188
  75.0653,  200
  75.1122,  186
  75.1591,  176
  75.2060,  195
  75.2529,  201
  75.2998,  215
  75.3467,  186
  75.3937,  179
  75.4406,  202
  75.4875,  199
  75.5344,  181
  75.5813,  201
  75.6282,  212
  75.6751,  211
  75.7220,  226
  75.7689,  241
  75.8159,  270
  75.8628,  263
  75.9097,  243
  75.9566,  293
  76.0035,  315
  76.0504,  323
  76.0973,  350
  76.1442,  365
  76.1911,  417
  76.2380,  471
  76.2850,  584
  76.3319,  603
  76.3788,  678
  76.4257,  812
  76.4726,  957
  76.5195, 1138
  76.5664, 1473
  76.6133, 1659
  76.6602, 2041
  76.7072, 2469
  76.7541, 2825
  76.8010, 2910
  76.8479, 3133
  76.8948, 2957
  76.9417, 2717
  76.9886, 2503
  77.0355, 2287
  77.0824, 1938
  77.1294, 1723
  77.1763, 1450
  77.2232, 1188
  77.2701,  911
  77.3170,  787
  77.3639,  697
  77.4108,  571
  77.4577,  498
  77.5046,  468
  77.5516,  411
  77.5985,  358
  77.6454,  329
  77.6923,  318
  77.7392,  312
  77.7861,  258
  77.8330,  279
  77.8799,  266
  77.9268,  240
  77.9737,  215
  78.0207,  225
  78.0676,  225
  78.1145,  228
  78.1614,  202
  78.2083,  230
  78.2552,  203
  78.3021,  210
  78.3490,  173
  78.3959,  199
  78.4429,  175
  78.4898,  192
  78.5367,  170
  78.5836,  158
  78.6305,  180
  78.6774,  163
  78.7243,  169
  78.7712,  179
  78.8181,  196
  78.8651,  173
  78.9120,  178
  78.9589,  154
  79.0058,  163
  79.0527,  141
  79.0996,  180
  79.1465,  147
  79.1934,  159
  79.2403,  195
  79.2873,  155
  79.3342,  142
  79.3811,  198
  79.4280,  163
  79.4749,  159
  79.5218,  154
  79.5687,  170
  79.6156,  165
  79.6625,  147
  79.7094,  145
  79.7564,  194
  79.8033,  142
  79.8502,  175
  79.8971,  158
  79.9440,  187
  79.9909,  164
  80.0378,  168
  80.0847,  186
  80.1316,  182
  80.1786,  152
  80.2255,  152
  80.2724,  198
  80.3193,  167
  80.3662,  168
  80.4131,  183
  80.4600,  184
  80.5069,  219
  80.5538,  190
  80.6008,  228
  80.6477,  221
  80.6946,  243
  80.7415,  250
  80.7884,  261
  80.8353,  307
  80.8822,  314
  80.9291,  317
  80.9760,  394
  81.0230,  450
  81.0699,  528
  81.1168,  569
  81.1637,  681
  81.2106,  820
  81.2575,  953
  81.3044, 1003
  81.3513, 1057
  81.3982, 1021
  81.4451, 1008
  81.4921,  939
  81.5390,  886
  81.5859,  824
  81.6328,  765
  81.6797,  657
  81.7266,  570
  81.7735,  466
  81.8204,  401
  81.8673,  379
  81.9143,  349
  81.9612,  295
  82.0081,  237
  82.0550,  232
  82.1019,  234
  82.1488,  226
  82.1957,  228
  82.2426,  199
  82.2895,  202
  82.3365,  193
  82.3834,  163
  82.4303,  166
  82.4772,  199
  82.5241,  179
  82.5710,  188
  82.6179,  172
  82.6648,  171
  82.7117,  170
  82.7587,  186
  82.8056,  155
  82.8525,  166
  82.8994,  154
  82.9463,  143
  82.9932,  162
  83.0401,  156
  83.0870,  158
  83.1339,  145
  83.1808,  137
  83.2278,  147
  83.2747,  147
  83.3216,  161
  83.3685,  136
  83.4154,  158
  83.4623,  157
  83.5092,  151
  83.5561,  147
  83.6030,  158
  83.6500,  156
  83.6969,  151
  83.7438,  164
  83.7907,  125
  83.8376,  152
  83.8845,  145
  83.9314,  139
  83.9783,  145
  84.0252,  186
  84.0722,  163
  84.1191,  152
  84.1660,  162
  84.2129,  145
  84.2598,  147
  84.3067,  165
  84.3536,  163
  84.4005,  161
  84.4474,  187
  84.4944,  166
  84.5413,  158
  84.5882,  177
  84.6351,  178
  84.6820,  178
  84.7289,  169
  84.7758,  209
  84.8227,  199
  84.8696,  209
  84.9165,  215
  84.9635,  220
  85.0104,  227
  85.0573,  230
  85.1042,  221
  85.1511,  242
  85.1980,  271
  85.2449,  260
  85.2918,  319
  85.3387,  360
  85.3857,  415
  85.4326,  406
  85.4795,  530
  85.5264,  605
  85.5733,  690
  85.6202,  806
  85.6671,  967
  85.7140, 1098
  85.7609, 1249
  85.8079, 1352
  85.8548, 1386
  85.9017, 1389
  85.9486, 1274
  85.9955, 1238
  86.0424, 1187
  86.0893,  981
  86.1362,  901
  86.1831,  893
  86.2301,  731
  86.2770,  604
  86.3239,  527
  86.3708,  440
  86.4177,  382
  86.4646,  343
  86.5115,  300
  86.5584,  282
  86.6053,  271
  86.6522,  242
  86.6992,  247
  86.7461,  207
  86.7930,  232
  86.8399,  196
  86.8868,  175
  86.9337,  197
  86.9806,  183
  87.0275,  162
  87.0744,  170
  87.1214,  170
  87.1683,  161
  87.2152,  175
  87.2621,  139
  87.3090,  167
  87.3559,  165
  87.4028,  148
  87.4497,  149
  87.4966,  149
  87.5436,  161
  87.5905,  142
  87.6374,  134
  87.6843,  144
  87.7312,  171
  87.7781,  139
  87.8250,  131
  87.8719,  165
  87.9188,  144
  87.9657,  144
  88.0127,  154
  88.0596,  154
  88.1065,  145
  88.1534,  155
  88.2003,  130
  88.2472,  148
  88.2941,  144
  88.3410,  161
  88.3879,  135
  88.4349,  165
  88.4818,  145
  88.5287,  152
  88.5756,  121
  88.6225,  133
  88.6694,  139
  88.7163,  132
  88.7632,  112
  88.8101,  146
  88.8571,  130
  88.9040,  143
  88.9509,  150
  88.9978,  170
  89.0447,  158
  89.0916,  136
  89.1385,  125
  89.1854,  125
  89.2323,  161
  89.2793,  154
  89.3262,  129
  89.3731,  154
  89.4200,  158
  89.4669,  158
  89.5138,  153
  89.5607,  157
  89.6076,  176
  89.6545,  149
  89.7014,  180
  89.7484,  131
  89.7953,  143
  89.8422,  177
  89.8891,  182
  89.9360,  180
  89.9829,  189
